날짜,순금_살때,순금_팔때,18K_살때,18K_팔때,14K_살때,14K_팔때,백금_살때,백금_팔때,은_살때,은_팔때
2026-05-15 11:37:09,975000,810000,716625,595400,555750,461700,424000,345000,16840,13680
2026-05-15 09:49:11,977000,815000,718095,599100,556890,464600,430000,349000,17060,13860
2026-05-14 17:01:48,988000,819000,726180,602000,563160,466900,445000,361000,18000,14620
2026-05-14 13:45:05,989000,821000,726915,603500,563730,468000,447000,363000,17970,14600
2026-05-14 13:42:00,990000,817000,727650,600500,564300,465700,447000,363000,17980,14610
2026-05-14 09:43:04,985000,817000,723975,600500,561450,465700,448000,364000,18010,14630
2026-05-14 09:42:19,985000,817000,723975,600500,561450,465700,448000,364000,18000,14620
2026-05-14 09:35:59,986000,819000,724710,602000,562020,466900,449000,364000,18010,14630
2026-05-13 14:36:02,988000,821000,726180,603500,563160,468000,440000,357000,17590,14430
2026-05-13 09:39:54,995000,823000,731325,605000,567150,469200,445000,361000,17920,14700
2026-05-12 14:18:15,987000,821000,725445,603500,562590,468000,434000,352000,17430,14300
2026-05-12 11:13:11,993000,821000,729855,603500,566010,468000,441000,358000,17510,14360
2026-05-12 09:50:52,993000,819000,729855,602000,566010,466900,441000,358000,17510,14360
2026-05-12 09:49:40,993000,818000,729855,601300,566010,466300,441000,358000,17510,14360
2026-05-11 14:58:19,968000,810000,711480,595400,551760,461700,420000,341000,16160,13250
2026-05-11 10:39:43,975000,815000,716625,599100,555750,464600,421000,342000,16290,13360
2026-05-11 09:44:42,970000,812000,712950,596900,552900,462900,419000,340000,16150,13240
2026-05-09 08:36:13,971000,814000,713685,598300,553470,464000,421000,342000,16090,13200
2026-05-08 15:19:15,978000,816000,718830,599800,557460,465200,424000,344000,16190,13280
2026-05-08 11:12:06,975000,816000,716625,599800,555750,465200,420000,341000,16050,13170
2026-05-08 09:40:22,970000,811000,712950,596100,552900,462300,416000,338000,15850,13000
2026-05-07 15:46:55,969000,806000,712215,592500,552330,459500,421000,342000,15660,12850
2026-05-07 11:04:42,963000,806000,707805,592500,548910,459500,421000,341000,15510,12730
2026-05-07 09:48:53,959000,802000,704865,589500,546630,457200,420000,341000,15340,12580
2026-05-07 09:48:09,959000,803000,704865,590300,546630,457800,420000,341000,15340,12580
2026-05-06 15:56:05,957000,799000,703395,587300,545490,455500,407000,330000,15110,12390
2026-05-06 14:37:16,953000,799000,700455,587300,543210,455500,407000,330000,15050,12340
2026-05-06 10:44:40,949000,793000,697515,582900,540930,452100,404000,328000,14940,12260
2026-05-06 09:53:12,947000,793000,696045,582900,539790,452100,403000,327000,14800,12140
2026-05-05 16:36:55,947000,785000,696045,577000,539790,447500,411000,334000,14890,12210
2026-05-05 15:05:10,945000,785000,694575,577000,538650,447500,408000,332000,14790,12130
2026-05-05 10:34:54,944000,785000,693840,577000,538080,447500,404000,328000,14700,12060
2026-05-05 09:38:48,941000,785000,691635,577000,536370,447500,403000,327000,14710,12060
2026-05-04 15:47:16,955000,794000,701925,583600,544350,452600,411000,334000,15210,12470
2026-05-04 09:44:58,955000,795000,701925,584400,544350,453200,411000,334000,15210,12470
2026-05-04 09:42:28,955000,794000,701925,583600,544350,452600,411000,334000,15210,12470
2026-05-02 07:18:26,957000,796000,703395,585100,545490,453800,410000,333000,15190,12460
2026-05-01 15:50:54,960000,796000,705600,585100,547200,453800,410000,333000,15000,12310
2026-05-01 09:42:21,960000,800000,705600,588000,547200,456000,410000,333000,15000,12310
2026-04-30 16:01:40,961000,797000,706335,585800,547770,454300,402000,326000,14840,12170
2026-04-30 13:56:51,954000,797000,701190,585800,543780,454300,397000,322000,14650,12020
2026-04-30 13:56:31,954000,799000,701190,587300,543780,455500,397000,322000,14650,12020
2026-04-30 12:44:53,954000,799000,701190,587300,543780,455500,397000,322000,14650,12020
2026-04-30 10:44:39,959000,803000,704865,590300,546630,457800,399000,324000,14830,12160
2026-04-30 09:34:35,955000,799000,701925,587300,544350,455500,395000,320000,14680,12040
2026-04-29 16:46:23,952000,797000,699720,585800,542640,454300,400000,325000,14800,12140
2026-04-29 11:30:51,957000,800000,703395,588000,545490,456000,400000,324000,14910,12230
2026-04-29 09:38:21,955000,800000,701925,588000,544350,456000,401000,326000,14770,12110
2026-04-28 14:48:42,960000,805000,705600,591700,547200,458900,403000,327000,14800,12140
2026-04-28 12:50:27,975000,812000,716625,596900,555750,462900,412000,335000,15330,12570
2026-04-28 09:38:16,975000,817000,716625,600500,555750,465700,412000,335000,15330,12570
2026-04-27 15:32:03,980000,819000,720300,602000,558600,466900,416000,338000,15400,12630
2026-04-27 13:16:13,980000,821000,720300,603500,558600,468000,416000,338000,15400,12630
2026-04-27 10:07:30,977000,816000,718095,599800,556890,465200,414000,336000,15290,12540
2026-04-27 09:40:09,974000,816000,715890,599800,555180,465200,413000,335000,15180,12450
2026-04-25 08:33:41,980000,820000,720300,602700,558600,467400,416000,338000,15310,12560
2026-04-24 14:04:43,976000,816000,717360,599800,556320,465200,413000,335000,15230,12500
2026-04-24 14:03:27,976000,815000,717360,599100,556320,464600,413000,335000,15230,12500
2026-04-24 13:27:11,974000,816000,715890,599800,555180,465200,413000,335000,15190,12460
2026-04-24 11:29:21,983000,819000,722505,602000,560310,466900,419000,340000,15390,12630
2026-04-24 09:32:26,983000,823000,722505,605000,560310,469200,419000,340000,15390,12630
2026-04-23 12:08:16,988000,824000,726180,605700,563160,469700,429000,349000,15790,12950
2026-04-23 09:38:36,988000,826000,726180,607200,563160,470900,429000,349000,15790,12950
2026-04-22 12:50:21,993000,830000,729855,610100,566010,473100,430000,349000,15850,13000
2026-04-22 11:13:49,991000,830000,728385,610100,564870,473100,429000,348000,15770,12940
2026-04-22 11:13:25,991000,831000,728385,610800,564870,473700,429000,348000,15770,12940
2026-04-22 09:56:19,987000,827000,725445,607900,562590,471400,425000,345000,15670,12850
2026-04-22 09:56:15,986000,826000,724710,607200,562020,470900,425000,345000,15660,12840
2026-04-21 15:43:44,989000,829000,726915,609400,563730,472600,427000,347000,15890,13030
2026-04-21 13:57:58,993000,832000,729855,611600,566010,474300,427000,347000,15900,13040
2026-04-21 13:57:19,993000,831000,729855,610800,566010,473700,427000,347000,15900,13040
2026-04-21 11:33:58,996000,835000,732060,613800,567720,476000,428000,347000,15990,13120
2026-04-21 11:33:34,996000,834000,732060,613000,567720,475400,428000,347000,15990,13120
2026-04-21 09:37:07,1000000,837000,735000,615200,570000,477100,430000,349000,16060,13170
2026-04-21 09:36:40,1000000,838000,735000,616000,570000,477700,430000,349000,16060,13170
2026-04-20 10:27:24,998000,834000,733530,613000,568860,475400,433000,352000,16200,13280
2026-04-20 09:48:21,990000,828000,727650,608600,564300,472000,432000,351000,16050,13160
2026-04-18 09:36:14,999000,834000,734265,613000,569430,475400,432000,351000,16240,13320
2026-04-18 08:39:18,999000,834000,734265,613000,569430,475400,432000,351000,16080,13320
2026-04-17 10:33:00,1000000,834000,735000,613000,570000,475400,434000,352000,15800,13090
2026-04-17 09:39:33,1000000,836000,735000,614500,570000,476600,434000,352000,15800,13090
2026-04-17 09:39:32,1000000,836000,735000,614500,570000,476600,434000,352000,15800,13090
2026-04-17 09:32:52,1000000,837000,735000,615200,570000,477100,434000,352000,15800,13090
2026-04-16 15:47:50,1002000,837000,736470,615200,571140,477100,441000,358000,16060,13300
2026-04-16 13:13:41,1000000,837000,735000,615200,570000,477100,440000,357000,16030,13270
2026-04-16 13:11:15,999000,838000,734265,616000,569430,477700,440000,357000,16020,13270
2026-04-16 09:50:54,1005000,838000,738675,616000,572850,477700,442000,358000,16030,13280
2026-04-15 11:13:56,1006000,838000,739410,616000,573420,477700,442000,359000,16140,13370
2026-04-15 09:40:04,1003000,838000,737205,616000,571710,477700,433000,351000,15880,13150
2026-04-14 10:53:42,997000,831000,732795,610800,568290,473700,432000,350000,15340,12660
2026-04-14 10:52:14,997000,832000,732795,611600,568290,474300,432000,350000,15340,12660
2026-04-14 09:30:56,993000,830000,729855,610100,566010,473100,432000,351000,15290,12620
2026-04-13 11:36:05,992000,829000,729120,609400,565440,472600,426000,346000,15100,12460
2026-04-13 11:34:06,992000,830000,729120,610100,565440,473100,426000,346000,15100,12460
2026-04-13 10:18:25,989000,825000,726915,606400,563730,470300,425000,345000,15100,12450
2026-04-13 09:38:39,985000,825000,723975,606400,561450,470300,421000,342000,15040,12410
2026-04-11 09:17:10,994000,828000,730590,608600,566580,472000,425000,345000,15350,12660
2026-04-11 09:13:13,994000,833000,730590,612300,566580,474900,425000,345000,15350,12660
2026-04-10 12:48:40,994000,830000,730590,610100,566580,473100,429000,348000,15480,12620
2026-04-10 09:45:54,991000,830000,728385,610100,564870,473100,432000,351000,15290,12470
2026-04-09 09:44:13,984000,823000,723240,605000,560880,469200,422000,342000,15020,12310
2026-04-08 09:34:47,1004000,833000,737940,612300,572280,474900,419000,340000,15590,12650
2026-04-07 09:41:52,990000,824000,727650,605700,564300,469700,419000,340000,15380,12370
2026-04-06 17:42:35,992000,824000,729120,605700,565440,469700,420000,341000,15320,12310
2026-04-06 11:29:30,989000,824000,726915,605700,563730,469700,419000,340000,15340,12330
2026-04-06 11:28:04,989000,825000,726915,606400,563730,470300,419000,340000,15340,12330
2026-04-06 09:41:14,982000,818000,721770,601300,559740,466300,419000,340000,15260,12260
2026-04-04 08:45:18,996000,829000,732060,609400,567720,472600,421000,342000,15810,12710
2026-04-03 12:39:48,995000,829000,731325,609400,567150,472600,421000,342000,15810,12710
2026-04-03 11:27:20,995000,824000,731325,605700,567150,469700,421000,342000,15810,12710
2026-04-03 09:43:48,993000,824000,729855,605700,566010,469700,420000,341000,15760,12670
2026-04-02 15:17:22,986000,824000,724710,605700,562020,469700,404000,328000,15050,12100
2026-04-02 15:17:20,986000,824000,724710,605700,562020,469700,404000,328000,15050,12100
2026-04-02 14:59:44,986000,828000,724710,608600,562020,472000,404000,328000,15050,12100
2026-04-02 10:39:07,1005000,835000,738675,613800,572850,476000,412000,334000,15470,12440
2026-04-02 10:38:19,1005000,836000,738675,614500,572850,476600,412000,334000,15470,12440
2026-04-02 09:37:58,1021000,844000,750435,620400,581970,481100,418000,340000,15980,12840
2026-04-01 17:17:15,1002000,830000,736470,610100,571140,473100,414000,336000,15620,12560
2026-04-01 09:44:35,999000,830000,734265,610100,569430,473100,418000,340000,15770,12670
2026-03-31 10:36:07,984000,826000,723240,607200,560880,470900,413000,336000,15500,12460
2026-03-31 09:39:27,975000,815000,716625,599100,555750,464600,405000,329000,14980,12050
2026-03-30 16:51:24,968000,820000,711480,602700,551760,467400,409000,332000,14940,12010
2026-03-30 15:05:28,966000,815000,710010,599100,550620,464600,409000,332000,14970,12030
2026-03-30 15:04:23,966000,816000,710010,599800,550620,465200,409000,332000,14970,12030
2026-03-30 12:15:58,959000,810000,704865,595400,546630,461700,404000,328000,14840,11930
2026-03-30 10:51:30,953000,807000,700455,593200,543210,460000,398000,323000,14530,11680
2026-03-30 09:44:19,946000,807000,695310,593200,539220,460000,390000,316000,14470,11630
2026-03-28 08:43:18,955000,802000,701925,589500,544350,457200,394000,320000,15180,11860
2026-03-27 14:55:50,947000,800000,696045,588000,539790,456000,400000,325000,15120,11820
2026-03-27 13:38:50,943000,800000,693105,588000,537510,456000,399000,324000,15060,11770
2026-03-27 11:08:49,940000,789000,690900,580000,535800,449800,394000,320000,14910,11650
2026-03-27 09:46:32,934000,786000,686490,577800,532380,448100,384000,312000,14740,11520
2026-03-26 17:41:03,948000,800000,696780,588000,540360,456000,400000,325000,15190,11870
2026-03-26 14:55:12,948000,803000,696780,590300,540360,457800,400000,325000,15190,11870
2026-03-26 14:54:20,948000,810000,696780,595400,540360,461700,400000,325000,15190,11870
2026-03-26 09:49:56,963000,810000,707805,595400,548910,461700,410000,333000,15580,12180
2026-03-25 10:46:29,965000,807000,709275,593200,550050,460000,417000,339000,15900,12430
2026-03-25 09:49:13,961000,798000,706335,586600,547770,454900,415000,337000,15990,12500
2026-03-24 16:06:10,927000,772000,681345,567500,528390,440100,394000,320000,15110,11650
2026-03-24 09:47:47,922000,772000,677670,567500,525540,440100,393000,319000,14870,11460
2026-03-23 17:36:31,907000,743000,666645,546200,516990,423600,383000,311000,14270,11000
2026-03-23 16:50:10,899000,743000,660765,546200,512430,423600,382000,310000,14020,10810
2026-03-23 16:42:50,894000,743000,657090,546200,509580,423600,380000,308000,13950,10750
2026-03-23 16:37:18,885000,743000,650475,546200,504450,423600,380000,308000,13680,10550
2026-03-23 16:11:56,885000,748000,650475,549800,504450,426400,380000,308000,13680,10550
2026-03-23 15:52:32,926000,760000,680610,558600,527820,433200,393000,319000,14310,11030
2026-03-23 15:24:23,926000,770000,680610,566000,527820,438900,393000,319000,14310,11030
2026-03-23 15:02:35,926000,780000,680610,573300,527820,444600,393000,319000,14310,11030
2026-03-23 12:17:22,926000,783000,680610,575600,527820,446400,393000,319000,14310,11030
2026-03-23 11:37:28,942000,783000,692370,575600,536940,446400,401000,326000,14810,11420
2026-03-23 10:48:00,942000,790000,692370,580700,536940,450300,401000,326000,14810,11420
2026-03-21 08:38:25,975000,801000,716625,588800,555750,456600,414000,336000,15440,11900
2026-03-20 17:20:46,995000,829000,731325,609400,567150,472600,422000,342000,15960,12310
2026-03-20 16:11:25,987000,829000,725445,609400,562590,472600,416000,338000,15660,12070
2026-03-20 14:02:23,997000,829000,732795,609400,568290,472600,423000,343000,16200,12490
2026-03-20 12:50:56,997000,833000,732795,612300,568290,474900,423000,343000,16200,12490
2026-03-20 12:11:20,995000,818000,731325,601300,567150,466300,423000,343000,16140,12440
2026-03-20 11:53:51,988000,818000,726180,601300,563160,466300,421000,341000,16110,12420
2026-03-20 11:16:20,988000,807000,726180,593200,563160,460000,421000,341000,16110,12420
2026-03-20 09:45:04,977000,807000,718095,593200,556890,460000,411000,334000,15820,12190
2026-03-19 17:53:05,1001000,828000,735735,608600,570570,472000,410000,333000,15680,12080
2026-03-19 17:23:29,1001000,833000,735735,612300,570570,474900,410000,333000,15680,12080
2026-03-19 17:23:03,1001000,834000,735735,613000,570570,475400,410000,333000,15680,12080
2026-03-19 17:16:08,998000,835000,733530,613800,568860,476000,410000,333000,15600,12030
2026-03-19 13:13:14,1024000,848000,752640,623300,583680,483400,430000,349000,16750,12910
2026-03-19 12:05:43,1024000,840000,752640,617400,583680,478800,430000,349000,16750,12910
2026-03-19 09:39:44,1024000,853000,752640,627000,583680,486300,430000,349000,16750,12910
2026-03-18 15:58:46,1048000,866000,770280,636600,597360,493700,440000,357000,17480,13290
2026-03-18 15:58:01,1048000,865000,770280,635800,597360,493100,440000,357000,17480,13290
2026-03-18 14:09:42,1045000,860000,768075,632100,595650,490200,439000,356000,17370,13210
2026-03-18 09:41:08,1049000,866000,771015,636600,597930,493700,443000,360000,17430,13250
2026-03-17 11:13:11,1056000,866000,776160,636600,601920,493700,447000,363000,18220,13610
2026-03-17 09:46:51,1052000,863000,773220,634400,599640,492000,442000,359000,18060,13490
2026-03-16 09:44:57,1058000,863000,777630,634400,603060,492000,429000,348000,18760,13660
2026-03-14 08:55:18,1062000,867000,780570,637300,605340,494200,426000,346000,18520,13590
2026-03-13 14:42:41,1072000,873000,787920,641700,611040,497700,449000,364000,19330,14190
2026-03-13 10:42:56,1072000,878000,787920,645400,611040,500500,449000,364000,19330,14190
2026-03-13 09:38:29,1072000,873000,787920,641700,611040,497700,449000,364000,19330,14190
2026-03-12 15:42:55,1079000,880000,793065,646800,615030,501600,452000,367000,19940,14380
2026-03-12 13:37:25,1075000,878000,790125,645400,612750,500500,449000,364000,19720,14230
2026-03-12 09:46:01,1075000,873000,790125,641700,612750,497700,449000,364000,19720,14230
2026-03-11 15:04:28,1073000,883000,788655,649100,611610,503400,449000,364000,20500,14420
2026-03-11 12:45:01,1077000,887000,791595,652000,613890,505600,456000,370000,20790,14630
2026-03-11 12:45:00,1077000,887000,791595,652000,613890,505600,456000,370000,20790,14630
2026-03-11 09:34:57,1077000,886000,791595,651300,613890,505100,456000,370000,20790,14630
2026-03-10 12:36:48,1073000,885000,788655,650500,611610,504500,454000,369000,21350,14780
2026-03-10 11:22:45,1073000,878000,788655,645400,611610,500500,454000,369000,21350,14780
2026-03-10 10:29:45,1070000,878000,786450,645400,609900,500500,451000,366000,21250,14700
2026-03-10 10:07:21,1063000,878000,781305,645400,605910,500500,445000,361000,20780,14380
2026-03-10 09:30:45,1063000,875000,781305,643200,605910,498800,445000,361000,20780,14380
2026-03-09 15:18:33,1077000,878000,791595,645400,613890,500500,447000,363000,20710,14220
2026-03-09 12:41:41,1072000,874000,787920,642400,611040,498200,439000,356000,20310,13940
2026-03-09 11:05:44,1068000,874000,784980,642400,608760,498200,427000,347000,19800,13590
2026-03-09 09:40:11,1064000,874000,782040,642400,606480,498200,431000,350000,19960,13700
2026-03-07 08:26:08,1080000,881000,793800,647600,615600,502200,444000,361000,21310,14060
2026-03-06 17:00:16,1060000,873000,779100,641700,604200,497700,445000,361000,21180,13970
2026-03-06 11:13:49,1068000,871000,784980,640200,608760,496500,444000,360000,21110,13920
2026-03-06 09:53:16,1060000,867000,779100,637300,604200,494200,441000,358000,20800,13720
2026-03-05 16:53:40,1066000,876000,783510,643900,607620,499400,443000,360000,21220,13780
2026-03-05 16:52:50,1066000,876000,783510,643900,607620,499400,443000,360000,21220,13780
2026-03-05 12:25:38,1071000,876000,787185,643900,610470,499400,449000,364000,21710,13990
2026-03-05 11:03:11,1067000,874000,784245,642400,608190,498200,449000,364000,21570,13900
2026-03-05 09:56:26,1063000,871000,781305,640200,605910,496500,448000,364000,21720,13790
2026-03-05 09:55:49,1063000,870000,781305,639500,605910,495900,448000,364000,21720,13790
2026-03-04 13:01:40,1076000,877000,790860,644600,613320,499900,441000,358000,22190,14090
2026-03-04 13:00:20,1076000,877000,790860,644600,613320,499900,441000,358000,22190,14090
2026-03-04 09:48:22,1069000,877000,785715,644600,609330,499900,436000,354000,21750,13810
2026-03-03 17:08:01,1104000,896000,811440,658600,629280,510800,457000,371000,23250,14440
2026-03-03 16:12:22,1096000,896000,805560,658600,624720,510800,452000,367000,22640,14060
2026-03-03 16:03:51,1096000,900000,805560,661500,624720,513000,452000,367000,22640,14060
2026-03-03 09:47:05,1105000,900000,812175,661500,629850,513000,475000,385000,24540,15010
2026-03-02 09:35:53,1100000,887000,808500,652000,627000,505600,487000,395000,25730,15520
2026-02-28 09:08:56,1063000,870000,781305,639500,605910,495900,477000,370000,24770,14940
2026-02-27 15:44:10,1052000,862000,773220,633600,599640,491400,483000,393000,24160,14570
2026-02-27 09:56:24,1047000,862000,769545,633600,596790,491400,456000,370000,23690,14290
2026-02-26 09:46:13,1041000,861000,765135,632900,593370,490800,459000,373000,23650,14270
2026-02-25 12:36:45,1049000,861000,771015,632900,597930,490800,450000,365000,23930,14430
2026-02-25 09:48:27,1045000,861000,768075,632900,595650,490800,439000,356000,23400,14110
2026-02-24 17:21:30,1054000,861000,774690,632900,600780,490800,437000,355000,23770,14340
2026-02-24 16:20:16,1054000,854000,774690,627700,600780,486800,437000,355000,23770,14340
2026-02-24 10:39:43,1065000,868000,782775,638000,607050,494800,436000,354000,23650,14260
2026-02-24 09:52:25,1065000,878000,782775,645400,607050,500500,436000,354000,23650,14260
2026-02-24 09:51:50,1065000,879000,782775,646100,607050,501100,436000,354000,23650,14260
2026-02-23 16:37:05,1042000,869000,765870,638800,593940,495400,433000,351000,22930,13830
2026-02-23 16:21:59,1052000,869000,773220,638800,599640,495400,440000,357000,23470,14150
2026-02-23 12:45:39,1052000,876000,773220,643900,599640,499400,440000,357000,23470,14150
2026-02-23 10:00:58,1045000,871000,768075,640200,595650,496500,439000,357000,23140,13960
2026-02-23 10:00:58,1045000,871000,768075,640200,595650,496500,439000,357000,23140,13960
2026-02-23 09:59:51,1045000,870000,768075,639500,595650,495900,439000,357000,23140,13960
2026-02-21 08:34:55,1040000,863000,764400,634400,592800,492000,437000,355000,22820,13760
2026-02-20 17:57:50,1027000,856000,754845,629200,585390,488000,428000,347000,21570,13010
2026-02-20 15:41:10,1024000,856000,752640,629200,583680,488000,423000,343000,21260,12820
2026-02-20 09:42:57,1020000,856000,749700,629200,581400,488000,422000,342000,21160,12760
2026-02-20 09:42:56,1020000,856000,749700,629200,581400,488000,422000,342000,21160,12760
2026-02-20 09:42:21,1020000,857000,749700,629900,581400,488500,422000,342000,21160,12760
2026-02-19 14:33:15,1021000,855000,750435,628500,581970,487400,421000,342000,21070,12710
2026-02-19 13:56:42,1017000,855000,747495,628500,579690,487400,422000,343000,20900,12600
2026-02-19 11:00:04,1017000,851000,747495,625500,579690,485100,422000,343000,20900,12600
2026-02-19 10:58:00,1015000,851000,746025,625500,578550,485100,421000,342000,20750,12510
2026-02-19 09:45:43,1015000,845000,746025,621100,578550,481700,421000,342000,20750,12510
2026-02-18 16:14:50,1005000,829000,738675,609400,572850,472600,416000,338000,20380,12290
2026-02-18 12:06:05,1000000,829000,735000,609400,570000,472600,413000,336000,19950,12030
2026-02-18 09:38:34,992000,829000,729120,609400,565440,472600,410000,333000,19600,11820
2026-02-17 09:46:35,1011000,840000,743085,617400,576270,478800,409000,332000,20290,12230
2026-02-17 09:46:07,1011000,841000,743085,618200,576270,479400,409000,332000,20310,12250
2026-02-16 09:39:44,1020000,844000,749700,620400,581400,481100,415000,337000,20590,12410
2026-02-14 09:31:11,1024000,844000,752640,620400,583680,481100,417000,338000,20790,12540
2026-02-13 12:27:48,1014000,841000,745290,618200,577980,479400,411000,333000,20760,12520
2026-02-13 10:52:57,1014000,831000,745290,610800,577980,473700,411000,333000,20760,12520
2026-02-13 09:56:38,1004000,831000,737940,610800,572280,473700,408000,331000,20220,12190
2026-02-13 09:53:21,1004000,843000,737940,619700,572280,480600,409000,332000,20180,12170
2026-02-13 09:51:06,1004000,843000,737940,619700,572280,480600,408000,332000,20130,12140
2026-02-12 09:43:09,1033000,857000,759255,629900,588810,488500,429000,348000,22180,13380
2026-02-11 12:37:44,1037000,857000,762195,629900,591090,488500,437000,355000,22430,13530
2026-02-11 09:46:01,1035000,860000,760725,632100,589950,490200,430000,349000,22160,13360
2026-02-10 16:02:51,1036000,860000,761460,632100,590520,490200,433000,351000,22350,13480
2026-02-10 16:02:09,1036000,861000,761460,632900,590520,490800,433000,351000,22350,13480
2026-02-10 16:01:18,1036000,861000,761460,632900,590520,490800,433000,351000,22350,13480
2026-02-10 16:01:17,1036000,861000,761460,632900,590520,490800,433000,351000,22350,13480
2026-02-10 11:06:30,1036000,864000,761460,635100,590520,492500,433000,351000,22350,13480
2026-02-10 09:41:18,1030000,864000,757050,635100,587100,492500,425000,345000,22160,13370
2026-02-10 09:40:35,1030000,863000,757050,634400,587100,492000,425000,345000,22160,13370
2026-02-09 16:22:29,1037000,867000,762195,637300,591090,494200,430000,349000,22210,13400
2026-02-09 14:49:50,1037000,870000,762195,639500,591090,495900,430000,349000,22210,13400
2026-02-09 12:12:40,1037000,865000,762195,635800,591090,493100,430000,349000,22210,13400
2026-02-09 09:49:53,1033000,865000,759255,635800,588810,493100,436000,354000,21670,13070
2026-02-07 08:32:34,1023000,847000,751905,622600,583110,482800,431000,350000,21280,12830
2026-02-06 15:15:15,1009000,837000,741615,615200,575130,477100,412000,334000,20440,12330
2026-02-06 12:04:44,1000000,837000,735000,615200,570000,477100,395000,320000,19800,11940
2026-02-06 11:09:56,992000,825000,729120,606400,565440,470300,392000,318000,19410,11710
2026-02-06 09:52:34,987000,825000,725445,606400,562590,470300,399000,324000,19070,11500
2026-02-06 09:51:20,987000,825000,725445,606400,562590,470300,399000,324000,19070,11500
2026-02-05 15:14:15,1016000,837000,746760,615200,579120,477100,433000,351000,21670,13070
2026-02-05 14:51:35,1012000,837000,743820,615200,576840,477100,426000,346000,21090,12720
2026-02-05 12:43:35,1006000,837000,739410,615200,573420,477100,426000,346000,21040,12690
2026-02-05 12:04:55,1026000,837000,754110,615200,584820,477100,461000,374000,23980,14460
2026-02-05 10:52:12,1026000,856000,754110,629200,584820,488000,461000,374000,23980,14460
2026-02-05 10:23:20,1033000,856000,759255,629200,588810,488000,466000,379000,24550,14810
2026-02-05 09:49:57,1033000,873000,759255,641700,588810,497700,466000,379000,24550,14810
2026-02-04 14:01:47,1038000,872000,762930,641000,591660,497100,465000,377000,23830,14370
2026-02-04 11:08:00,1034000,858000,759990,630700,589380,489100,462000,375000,23780,14340
2026-02-04 10:21:36,1030000,858000,757050,630700,587100,489100,461000,374000,23510,14180
2026-02-04 09:56:52,1027000,858000,754845,630700,585390,489100,462000,375000,23280,14040
2026-02-04 09:52:47,1023000,858000,751905,630700,583110,489100,458000,372000,23180,13980
2026-02-03 17:43:01,1006000,842000,739410,618900,573420,480000,460000,373000,23640,14260
2026-02-03 16:45:31,998000,842000,733530,618900,568860,480000,448000,364000,23300,14050
2026-02-03 15:39:50,993000,833000,729855,612300,566010,474900,445000,361000,22930,13830
2026-02-03 11:12:02,982000,822000,721770,604200,559740,468600,446000,362000,22640,13660
2026-02-03 09:56:03,978000,815000,718830,599100,557460,464600,444000,361000,22360,13490
2026-02-02 17:00:11,943000,780000,693105,573300,537510,444600,406000,329000,21630,12600
2026-02-02 15:22:55,936000,780000,687960,573300,533520,444600,402000,327000,21500,12520
2026-02-02 15:18:01,936000,784000,687960,576300,533520,446900,402000,327000,21500,12520
2026-02-02 15:15:55,936000,788000,687960,579200,533520,449200,402000,327000,21500,12520
2026-02-02 14:48:42,982000,788000,721770,579200,559740,449200,433000,352000,23240,14010
2026-02-02 10:33:02,982000,804000,721770,591000,559740,458300,433000,352000,23240,14010
2026-02-02 10:13:52,982000,815000,721770,599100,559740,464600,433000,352000,23240,14010
2026-02-02 09:50:45,982000,835000,721770,613800,559740,476000,433000,352000,23240,14010
2026-02-02 09:47:14,982000,835000,721770,613800,559740,476000,432000,351000,23460,14150
2026-02-02 09:46:43,982000,836000,721770,614500,559740,476600,432000,351000,23460,14150
2026-01-31 15:44:08,995000,836000,731325,614500,567150,476600,441000,358000,22110,13830
2026-01-31 08:57:08,995000,853000,731325,627000,567150,486300,441000,358000,22110,13830
2026-01-31 08:53:05,995000,835000,731325,613800,567150,476000,441000,358000,22110,13830
2026-01-31 08:51:54,995000,835000,731325,613800,567150,476000,441000,358000,22760,13830
2026-01-31 08:33:11,995000,835000,731325,613800,567150,476000,441000,358000,21460,13830
2026-01-31 08:08:12,995000,835000,731325,613800,567150,476000,441000,358000,20960,13830
2026-01-30 17:39:53,1047000,864000,769545,635100,596790,492500,487000,395000,25930,17100
2026-01-30 17:18:30,1047000,879000,769545,646100,596790,501100,487000,395000,25930,17100
2026-01-30 17:15:03,1059000,879000,778365,646100,603630,501100,508000,412000,27460,18120
2026-01-30 16:00:21,1059000,888000,778365,652700,603630,506200,508000,412000,27460,18120
2026-01-30 14:40:26,1059000,890000,778365,654200,603630,507300,508000,412000,27460,18120
2026-01-30 13:55:47,1054000,884000,774690,649800,600780,503900,506000,411000,27150,17910
2026-01-30 11:45:51,1061000,876000,779835,643900,604770,499400,506000,411000,26730,18050
2026-01-30 11:41:35,1058000,876000,777630,643900,603060,499400,506000,411000,26640,17990
2026-01-30 11:24:00,1082000,876000,795270,643900,616740,499400,519000,421000,27410,18510
2026-01-30 11:13:01,1082000,898000,795270,660100,616740,511900,519000,421000,27410,18510
2026-01-30 10:53:54,1082000,913000,795270,671100,616740,520500,519000,421000,27410,18510
2026-01-30 10:12:05,1094000,913000,804090,671100,623580,520500,531000,431000,26950,18960
2026-01-30 09:54:21,1094000,923000,804090,678500,623580,526200,531000,431000,26950,18960
2026-01-30 09:51:53,1094000,924000,804090,679200,623580,526700,531000,431000,26950,18960
2026-01-29 15:19:48,1121000,934000,823935,686500,638970,532400,555000,451000,27310,19220
2026-01-29 12:09:54,1115000,929000,819525,682900,635550,529600,546000,443000,26930,18950
2026-01-29 10:59:25,1115000,923000,819525,678500,635550,526200,546000,443000,26930,18950
2026-01-29 10:47:51,1115000,906000,819525,666000,635550,516500,546000,443000,26930,18950
2026-01-29 10:46:56,1115000,907000,819525,666700,635550,517000,546000,443000,26930,18950
2026-01-29 10:45:59,1114000,905000,818790,665200,634980,515900,547000,444000,26960,18970
2026-01-29 09:51:30,1108000,897000,814380,659300,631560,511300,540000,439000,26890,18920
2026-01-28 17:43:03,1064000,884000,782040,649800,606480,503900,538000,437000,26090,18360
2026-01-28 17:41:46,1065000,884000,782775,649800,607050,503900,539000,438000,26080,18350
2026-01-28 13:46:30,1054000,875000,774690,643200,600780,498800,538000,437000,26240,18470
2026-01-28 12:19:59,1054000,879000,774690,646100,600780,501100,538000,437000,26240,18470
2026-01-28 09:58:21,1044000,868000,767340,638000,595080,494800,535000,434000,26020,18310
2026-01-27 15:04:56,1037000,863000,762195,634400,591090,492000,543000,441000,25420,17890
2026-01-27 10:49:58,1034000,863000,759990,634400,589380,492000,547000,444000,25460,17910
2026-01-27 09:56:26,1028000,863000,755580,634400,585960,492000,531000,431000,24440,17200
2026-01-27 09:48:29,1028000,864000,755580,635100,585960,492500,532000,432000,24790,17440
2026-01-26 16:18:00,1034000,864000,759990,635100,589380,492500,579000,470000,24820,17470
2026-01-26 14:16:30,1032000,858000,758520,630700,588240,489100,579000,470000,25040,17620
2026-01-26 12:09:39,1032000,866000,758520,636600,588240,493700,579000,470000,25040,17620
2026-01-26 09:44:36,1031000,861000,757785,632900,587670,490800,567000,460000,24670,17360
2026-01-24 07:52:58,1015000,846000,746025,621900,578550,482300,561000,455000,23780,16730
2026-01-23 16:15:30,1025000,853000,753375,627000,584250,486300,545000,442000,23170,16300
2026-01-23 12:38:49,1024000,853000,752640,627000,583680,486300,546000,444000,22690,15960
2026-01-23 11:17:38,1024000,857000,752640,629900,583680,488500,546000,444000,22690,15960
2026-01-23 09:48:48,1024000,846000,752640,621900,583680,482300,546000,444000,22690,15960
2026-01-22 15:52:30,999000,835000,734265,613800,569430,476000,506000,411000,22060,15520
2026-01-22 15:44:10,999000,832000,734265,611600,569430,474300,506000,411000,22060,15520
2026-01-22 11:33:47,993000,832000,729855,611600,566010,474300,498000,405000,21660,15240
2026-01-22 10:51:56,993000,835000,729855,613800,566010,476000,498000,405000,21660,15240
2026-01-22 09:41:39,989000,830000,726915,610100,563730,473100,495000,402000,21360,15030
2026-01-21 16:16:07,1009000,840000,741615,617400,575130,478800,505000,410000,22180,15610
2026-01-21 14:38:40,1009000,843000,741615,619700,575130,480600,505000,410000,22180,15610
2026-01-21 14:15:13,1007000,840000,740145,617400,573990,478800,503000,408000,22160,15590
2026-01-21 12:54:06,1003000,839000,737205,616700,571710,478300,506000,411000,22170,15600
2026-01-21 11:21:38,1003000,835000,737205,613800,571710,476000,506000,411000,22170,15600
2026-01-21 11:08:11,1003000,830000,737205,610100,571710,473100,506000,411000,22170,15600
2026-01-21 11:08:10,1003000,830000,737205,610100,571710,473100,506000,411000,22170,15600
2026-01-21 11:06:31,1003000,831000,737205,610800,571710,473700,506000,411000,22170,15600
2026-01-21 09:46:37,998000,825000,733530,606400,568860,470300,514000,417000,22500,15830
2026-01-20 15:03:15,981000,818000,721035,601300,559170,466300,492000,399000,22270,15670
2026-01-20 14:31:21,977000,818000,718095,601300,556890,466300,487000,396000,22240,15640
2026-01-20 14:03:12,977000,815000,718095,599100,556890,464600,487000,396000,22240,15640
2026-01-20 10:42:18,973000,815000,715155,599100,554610,464600,488000,396000,22150,15580
2026-01-20 09:50:59,969000,811000,712215,596100,552330,462300,489000,397000,21970,15450
2026-01-20 09:50:28,969000,817000,712215,600500,552330,465700,489000,397000,21960,15450
2026-01-19 09:37:17,971000,807000,713685,593200,553470,460000,488000,396000,21930,15430
2026-01-17 08:18:17,954000,798000,701190,586600,543780,454900,481000,390000,21160,14890
2026-01-16 10:11:45,955000,801000,701925,588800,544350,456600,491000,399000,21340,15010
2026-01-16 09:54:06,955000,804000,701925,591000,544350,458300,491000,399000,21340,15010
2026-01-15 10:39:41,954000,799000,701190,587300,543780,455500,486000,395000,21660,15240
2026-01-15 09:46:21,954000,803000,701190,590300,543780,457800,486000,395000,21660,15240
2026-01-14 13:16:30,964000,804000,708540,591000,549480,458300,504000,409000,21560,15170
2026-01-14 09:47:57,958000,804000,704130,591000,546060,458300,487000,396000,20800,14640
2026-01-13 09:51:23,952000,798000,699720,586600,542640,454900,486000,394000,19820,13940
2026-01-12 14:59:10,948000,794000,696780,583600,540360,452600,486000,395000,19800,13930
2026-01-12 14:07:48,946000,794000,695310,583600,539220,452600,482000,391000,19580,13770
2026-01-12 09:50:34,944000,785000,693840,577000,538080,447500,484000,393000,19440,13670
2026-01-10 08:35:16,926000,781000,680610,574100,527820,445200,464000,377000,18610,13090
2026-01-09 14:44:01,917000,774000,673995,568900,522690,441200,458000,372000,17900,12590
2026-01-09 09:36:36,914000,774000,671790,568900,520980,441200,457000,371000,17730,12480
2026-01-09 09:36:18,913000,774000,671055,568900,520410,441200,457000,371000,17700,12450
2026-01-09 09:35:14,913000,773000,671055,568200,520410,440700,457000,371000,17700,12450
2026-01-08 11:41:12,906000,772000,665910,567500,516420,440100,462000,375000,18010,12670
2026-01-08 11:38:37,906000,774000,665910,568900,516420,441200,462000,375000,18010,12670
2026-01-08 09:48:58,908000,776000,667380,570400,517560,442400,462000,375000,17980,12650
2026-01-08 09:48:52,908000,776000,667380,570400,517560,442400,464000,376000,17990,12650
2026-01-08 09:48:03,908000,776000,667380,570400,517560,442400,464000,376000,17990,12650
2026-01-08 09:47:14,907000,775000,666645,569700,516990,441800,463000,376000,17940,12620
2026-01-07 13:33:09,911000,777000,669585,571100,519270,442900,477000,388000,18440,12970
2026-01-07 09:44:50,917000,780000,673995,573300,522690,444600,497000,403000,19090,13430
2026-01-06 11:43:05,907000,777000,666645,571100,516990,442900,470000,382000,17940,12620
2026-01-06 09:41:34,904000,777000,664440,571100,515280,442900,458000,372000,17640,12410
2026-01-06 09:40:34,904000,776000,664440,570400,515280,442400,458000,372000,17640,12410
2026-01-05 12:38:49,899000,768000,660765,564500,512430,437800,443000,360000,17430,12260
2026-01-05 12:21:06,901000,768000,662235,564500,513570,437800,445000,361000,17560,12350
2026-01-05 12:13:00,901000,763000,662235,560900,513570,435000,445000,361000,17560,12350
2026-01-05 09:55:16,895000,763000,657825,560900,510150,435000,455000,369000,17420,12260
2026-01-03 08:34:26,880000,752000,646800,552800,501600,428700,433000,352000,16470,11780
2026-01-02 17:19:15,893000,753000,656355,553500,509010,429300,431000,350000,16910,12100
2026-01-02 09:43:25,883000,753000,649005,553500,503310,429300,415000,337000,16420,11740
2026-01-01 08:19:43,879000,750000,646065,551300,501030,427500,417000,338000,16180,11580
2026-01-01 08:17:34,879000,752000,646065,552800,501030,428700,417000,338000,16180,11580
2025-12-31 16:41:05,883000,750000,649005,551300,503310,427500,402000,326000,16420,11750
2025-12-31 15:06:19,874000,750000,642390,551300,498180,427500,397000,323000,16170,11570
2025-12-31 11:13:33,889000,765000,653415,562300,506730,436100,431000,349000,17110,12240
2025-12-31 10:22:53,886000,760000,651210,558600,505020,433200,430000,349000,17050,12200
2025-12-31 10:22:14,886000,762000,651210,560100,505020,434400,430000,349000,17040,12190
2025-12-31 09:44:47,883000,760000,649005,558600,503310,433200,430000,349000,16900,12090
2025-12-30 15:34:53,887000,763000,651945,560900,505590,435000,435000,353000,16960,12130
2025-12-30 12:48:37,883000,758000,649005,557200,503310,432100,428000,348000,16800,12020
2025-12-30 12:44:18,883000,757000,649005,556400,503310,431500,428000,348000,16800,12020
2025-12-30 10:56:20,881000,750000,647535,551300,502170,427500,425000,345000,16600,11880
2025-12-30 09:45:04,876000,750000,643860,551300,499320,427500,428000,348000,16380,11720
2025-12-29 16:08:25,911000,770000,669585,566000,519270,438900,490000,398000,18170,13000
2025-12-29 12:37:19,911000,775000,669585,569700,519270,441800,490000,398000,18170,13000
2025-12-29 09:40:12,908000,770000,667380,566000,517560,438900,474000,385000,17800,12730
2025-12-27 08:04:55,920000,778000,676200,571900,524400,443500,495000,402000,17930,12830
2025-12-26 16:20:33,918000,773000,674730,568200,523260,440700,493000,401000,16950,12130
2025-12-26 15:53:35,918000,768000,674730,564500,523260,437800,493000,401000,16950,12130
2025-12-26 13:09:48,908000,768000,667380,564500,517560,437800,479000,389000,16740,11970
2025-12-26 13:09:48,908000,768000,667380,564500,517560,437800,479000,389000,16740,11970
2025-12-26 13:03:43,908000,780000,667380,573300,517560,444600,479000,389000,16740,11970
2025-12-26 13:03:24,908000,770000,667380,566000,517560,438900,479000,389000,16740,11970
2025-12-26 13:02:35,908000,769000,667380,565300,517560,438400,479000,389000,16740,11970
2025-12-26 11:08:23,913000,772000,671055,567500,520410,440100,471000,382000,16440,12070
2025-12-26 10:30:50,922000,777000,677670,571100,525540,442900,469000,381000,16430,12060
2025-12-26 09:43:33,922000,780000,677670,573300,525540,444600,469000,381000,16430,12060
2025-12-26 09:43:07,921000,779000,676935,572600,524970,444100,471000,382000,16420,12050
2025-12-25 08:08:20,913000,776000,671055,570400,520410,442400,450000,365000,15950,11710
2025-12-24 14:56:01,929000,779000,682815,572600,529530,444100,479000,389000,16080,11800
2025-12-24 10:13:52,929000,782000,682815,574800,529530,445800,479000,389000,16080,11800
2025-12-24 09:41:24,931000,786000,684285,577800,530670,448100,486000,395000,16120,11830
2025-12-24 09:40:15,932000,786000,685020,577800,531240,448100,487000,396000,16130,11840
2025-12-24 09:39:34,932000,786000,685020,577800,531240,448100,487000,396000,16130,11840
2025-12-23 10:40:12,936000,787000,687960,578500,533520,448600,443000,360000,15470,11550
2025-12-23 09:39:33,932000,778000,685020,571900,531240,443500,446000,362000,15420,11520
2025-12-22 17:16:10,919000,766000,675465,563100,523830,436700,427000,347000,15330,11450
2025-12-22 13:39:56,914000,766000,671790,563100,520980,436700,426000,346000,15320,11450
2025-12-22 12:15:35,914000,765000,671790,562300,520980,436100,426000,346000,15320,11450
2025-12-22 11:02:05,911000,763000,669585,560900,519270,435000,419000,340000,15200,11360
2025-12-22 09:41:39,907000,763000,666645,560900,516990,435000,412000,334000,14980,11190
2025-12-20 08:45:19,901000,761000,662235,559400,513570,433800,408000,331000,14920,11140
2025-12-19 09:50:28,900000,761000,661500,559400,513000,433800,401000,326000,14540,10860
2025-12-19 09:49:23,900000,761000,661500,559400,513000,433800,401000,325000,14540,10860
2025-12-18 09:42:28,902000,762000,662970,560100,514140,434400,398000,323000,14750,11020
2025-12-17 11:17:38,901000,762000,662235,560100,513570,434400,388000,319000,14560,10870
2025-12-17 11:15:40,900000,758000,661500,557200,513000,432100,388000,319000,14540,10860
2025-12-17 09:42:48,896000,758000,658560,557200,510720,432100,376000,309000,14210,10610
2025-12-17 09:38:47,896000,757000,658560,556400,510720,431500,376000,310000,14210,10610
2025-12-16 15:27:10,891000,755000,654885,555000,507870,430400,369000,304000,14020,10470
2025-12-16 12:42:23,889000,755000,653415,555000,506730,430400,369000,303000,13830,10330
2025-12-16 09:39:54,892000,757000,655620,556400,508440,431500,363000,299000,14140,10560
2025-12-15 12:39:40,899000,759000,660765,557900,512430,432700,356000,293000,13930,10400
2025-12-15 10:24:06,897000,759000,659295,557900,511290,432700,356000,293000,13800,10310
2025-12-15 09:42:06,894000,756000,657090,555700,509580,431000,357000,294000,13780,10290
2025-12-13 08:40:09,893000,755000,656355,555000,509010,430400,356000,293000,13760,10280
2025-12-12 15:33:20,888000,750000,652680,551300,506160,427500,347000,286000,14150,10570
2025-12-12 09:25:29,886000,750000,651210,551300,505020,427500,345000,284000,14010,10460
2025-12-11 12:15:20,873000,743000,641655,546200,497610,423600,337000,278000,13750,10270
2025-12-11 10:51:15,876000,743000,643860,546200,499320,423600,338000,278000,13860,10350
2025-12-11 09:23:06,875000,743000,643125,546200,498750,423600,337000,277000,13730,10260
2025-12-10 12:21:50,872000,740000,640920,543900,497040,421800,340000,280000,13530,10100
2025-12-10 09:35:47,870000,740000,639450,543900,495900,421800,342000,282000,13540,10030
2025-12-10 09:34:33,870000,739000,639450,543200,495900,421300,342000,282000,13540,10030
2025-12-09 09:35:40,868000,738000,637980,542500,494760,420700,336000,276000,12980,9610
2025-12-09 09:35:01,868000,739000,637980,543200,494760,421300,336000,276000,12980,9610
2025-12-09 09:29:41,868000,739000,637980,543200,494760,421300,336000,276000,12980,9610
2025-12-09 09:28:25,868000,738000,637980,542500,494760,420700,336000,277000,12980,9610
2025-12-09 09:27:39,868000,739000,637980,543200,494760,421300,336000,277000,12980,9610
2025-12-08 09:47:54,871000,740000,640185,543900,496470,421800,335000,275000,13080,9680
2025-12-08 09:42:08,872000,741000,640920,544700,497040,422400,335000,276000,13080,9690
2025-12-08 09:23:38,870000,740000,639450,543900,495900,421800,334000,275000,13080,9680
2025-12-06 08:36:29,871000,738000,640185,542500,496470,420700,335000,276000,13050,9660
2025-12-05 15:22:06,874000,738000,642390,542500,498180,420700,336000,277000,13040,9650
2025-12-05 09:40:43,872000,738000,640920,542500,497040,420700,334000,274000,12760,9450
2025-12-04 09:34:32,870000,738000,639450,542500,495900,420700,339000,279000,13040,9650
2025-12-03 15:49:54,874000,738000,642390,542500,498180,420700,334000,275000,13140,9730
2025-12-03 12:27:27,874000,740000,642390,543900,498180,421800,334000,275000,13140,9730
2025-12-03 09:39:31,869000,738000,638715,542500,495330,420700,331000,273000,13000,9630
2025-12-02 10:19:30,872000,740000,640920,543900,497040,421800,337000,277000,12690,9390
2025-12-02 09:48:47,876000,744000,643860,546900,499320,424100,338000,278000,12860,9520
2025-12-01 12:50:54,878000,745000,645330,547600,500460,424700,345000,284000,12840,9500
2025-12-01 11:10:04,878000,740000,645330,543900,500460,421800,345000,284000,12840,9500
2025-12-01 11:07:25,878000,740000,645330,543900,500460,421800,347000,286000,12860,9520
2025-12-01 10:00:32,874000,740000,642390,543900,498180,421800,339000,279000,12940,9500
2025-12-01 09:51:23,873000,739000,641655,543200,497610,421300,339000,279000,13040,9450
2025-11-29 08:44:01,874000,741000,642390,544700,498180,422400,339000,279000,12920,9360
2025-11-28 09:45:05,862000,733000,633570,538800,491340,417900,327000,269000,12170,8820
2025-11-28 09:20:37,858000,732000,630630,538100,489060,417300,326000,268000,12140,8790
2025-11-27 12:21:05,856000,731000,629160,537300,487920,416700,328000,270000,12030,8710
2025-11-27 12:14:31,860000,731000,632100,537300,490200,416700,322000,265000,12160,8810
2025-11-27 09:30:33,860000,735000,632100,540300,490200,419000,322000,265000,12160,8810
2025-11-26 17:01:37,861000,732000,632835,538100,490770,417300,318000,262000,11890,8610
2025-11-26 09:39:25,850000,726000,624750,533700,484500,413900,311000,256000,11650,8440
2025-11-25 09:28:36,859000,733000,631365,538800,489630,417900,315000,259000,11730,8490
2025-11-24 09:34:56,842000,725000,618870,532900,479940,413300,310000,255000,11430,8280
2025-11-22 08:38:47,841000,725000,618135,532900,479370,413300,307000,253000,11420,8270
2025-11-21 15:41:23,838000,724000,615930,532200,477660,412700,308000,253000,11350,8220
2025-11-21 09:44:39,846000,727000,621810,534400,482220,414400,310000,255000,11600,8400
2025-11-21 09:43:41,846000,728000,621810,535100,482220,415000,309000,255000,11590,8400
2025-11-20 12:12:35,844000,727000,620340,534400,481080,414400,317000,261000,11740,8500
2025-11-20 12:11:00,844000,727000,620340,534400,481080,414400,317000,261000,11750,8510
2025-11-20 11:35:11,839000,727000,616665,534400,478230,414400,316000,260000,11610,8410
2025-11-20 09:41:01,849000,728000,624015,535100,483930,415000,316000,260000,11780,8540
2025-11-19 14:34:20,845000,725000,621075,532900,481650,413300,313000,258000,11680,8460
2025-11-19 09:26:06,840000,725000,617400,532900,478800,413300,309000,255000,11540,8360
2025-11-18 14:01:04,828000,720000,608580,529200,471960,410400,308000,254000,11290,8180
2025-11-18 09:35:13,833000,727000,612255,534400,474810,414400,310000,255000,11320,8200
2025-11-18 09:24:32,832000,727000,611520,534400,474240,414400,311000,256000,11310,8190
2025-11-17 11:45:50,841000,730000,618135,536600,479370,416100,311000,256000,11560,8370
2025-11-17 09:29:11,839000,730000,616665,536600,478230,416100,310000,255000,11480,8320
2025-11-15 08:41:53,833000,720000,612255,529200,474810,410400,309000,255000,11370,8230
2025-11-14 11:30:25,864000,740000,635040,543900,492480,421800,323000,266000,12050,8730
2025-11-14 11:02:05,862000,740000,633570,543900,491340,421800,323000,265000,12000,8690
2025-11-14 09:44:55,860000,740000,632100,543900,490200,421800,321000,264000,11920,8640
2025-11-14 09:44:05,860000,740000,632100,543900,490200,421800,321000,264000,11920,8640
2025-11-13 17:39:15,874000,740000,642390,543900,498180,421800,329000,271000,12340,8940
2025-11-13 10:07:20,870000,740000,639450,543900,495900,421800,330000,271000,12150,8800
2025-11-13 10:05:37,871000,747000,640185,549100,496470,425800,330000,271000,12150,8800
2025-11-13 10:03:45,880000,747000,646800,549100,501600,425800,329000,271000,12160,8810
2025-11-12 15:43:17,859000,730000,631365,536600,489630,416100,320000,264000,11720,8490
2025-11-12 15:41:05,859000,730000,631365,536600,489630,416100,321000,264000,11710,8480
2025-11-12 15:41:00,859000,730000,631365,536600,489630,416100,321000,264000,11710,8480
2025-11-12 15:40:55,859000,730000,631365,536600,489630,416100,321000,264000,11710,8480
2025-11-12 15:40:50,859000,730000,631365,536600,489630,416100,321000,264000,11710,8480
2025-11-12 15:40:45,859000,730000,631365,536600,489630,416100,321000,264000,11720,8490
2025-11-12 15:40:40,859000,730000,631365,536600,489630,416100,321000,264000,11720,8490
2025-11-12 15:40:35,859000,730000,631365,536600,489630,416100,321000,264000,11710,8480
2025-11-12 15:40:30,859000,730000,631365,536600,489630,416100,321000,264000,11710,8480
2025-11-12 15:40:25,859000,730000,631365,536600,489630,416100,321000,264000,11720,8490
2025-11-12 15:40:20,859000,730000,631365,536600,489630,416100,321000,264000,11710,8480
2025-11-12 14:47:58,857000,730000,629895,536600,488490,416100,320000,263000,11630,8420
2025-11-12 14:47:55,857000,733000,629895,538800,488490,417900,320000,263000,11630,8430
2025-11-12 14:47:50,857000,733000,629895,538800,488490,417900,320000,263000,11630,8420
2025-11-12 14:47:45,857000,733000,629895,538800,488490,417900,320000,263000,11630,8430
2025-11-12 14:47:40,857000,733000,629895,538800,488490,417900,320000,263000,11640,8430
2025-11-12 14:47:35,857000,733000,629895,538800,488490,417900,320000,263000,11630,8430
2025-11-12 14:47:30,857000,733000,629895,538800,488490,417900,320000,264000,11630,8430
2025-11-12 14:47:25,857000,733000,629895,538800,488490,417900,320000,263000,11640,8430
2025-11-12 14:47:20,857000,733000,629895,538800,488490,417900,320000,264000,11630,8430
2025-11-12 14:47:15,857000,733000,629895,538800,488490,417900,320000,264000,11640,8430
2025-11-12 14:47:10,857000,733000,629895,538800,488490,417900,320000,264000,11630,8420
2025-11-12 14:47:05,857000,733000,629895,538800,488490,417900,320000,264000,11630,8430
2025-11-12 14:47:00,857000,733000,629895,538800,488490,417900,320000,263000,11640,8430
2025-11-12 14:46:55,857000,733000,629895,538800,488490,417900,320000,264000,11620,8420
2025-11-12 14:46:50,857000,733000,629895,538800,488490,417900,320000,264000,11620,8420
2025-11-12 14:46:45,857000,733000,629895,538800,488490,417900,320000,263000,11620,8420
2025-11-12 14:46:40,857000,733000,629895,538800,488490,417900,320000,263000,11630,8420
2025-11-12 14:46:35,857000,733000,629895,538800,488490,417900,320000,264000,11630,8430
2025-11-12 14:46:30,857000,733000,629895,538800,488490,417900,320000,264000,11620,8420
2025-11-12 14:46:25,857000,733000,629895,538800,488490,417900,320000,264000,11620,8420
2025-11-12 14:46:20,857000,733000,629895,538800,488490,417900,320000,263000,11630,8420
2025-11-12 14:46:15,857000,733000,629895,538800,488490,417900,320000,263000,11630,8420
2025-11-12 14:46:10,857000,733000,629895,538800,488490,417900,320000,264000,11630,8430
2025-11-12 14:46:05,857000,733000,629895,538800,488490,417900,320000,264000,11630,8430
2025-11-12 14:46:00,857000,733000,629895,538800,488490,417900,320000,264000,11620,8420
2025-11-12 14:45:55,857000,733000,629895,538800,488490,417900,320000,263000,11620,8420
2025-11-12 14:45:50,857000,733000,629895,538800,488490,417900,320000,264000,11620,8420
2025-11-12 14:45:45,857000,733000,629895,538800,488490,417900,320000,264000,11620,8420
2025-11-12 14:45:40,857000,733000,629895,538800,488490,417900,320000,264000,11620,8420
2025-11-12 14:45:35,857000,733000,629895,538800,488490,417900,320000,263000,11630,8420
2025-11-12 14:45:30,857000,733000,629895,538800,488490,417900,320000,264000,11630,8420
2025-11-12 14:45:25,857000,733000,629895,538800,488490,417900,320000,264000,11630,8430
2025-11-12 14:45:20,857000,733000,629895,538800,488490,417900,320000,263000,11640,8430
2025-11-12 14:45:15,857000,733000,629895,538800,488490,417900,320000,263000,11630,8430
2025-11-12 14:45:10,857000,733000,629895,538800,488490,417900,320000,263000,11630,8420
2025-11-12 14:45:05,857000,733000,629895,538800,488490,417900,320000,263000,11630,8420
2025-11-12 14:45:00,857000,733000,629895,538800,488490,417900,320000,263000,11630,8420
2025-11-12 14:44:55,857000,733000,629895,538800,488490,417900,320000,263000,11630,8430
2025-11-12 14:44:35,857000,733000,629895,538800,488490,417900,320000,263000,11640,8430
2025-11-12 14:44:30,857000,733000,629895,538800,488490,417900,320000,263000,11640,8430
2025-11-12 14:44:25,857000,733000,629895,538800,488490,417900,320000,263000,11640,8430
2025-11-12 14:44:20,857000,733000,629895,538800,488490,417900,320000,263000,11630,8420
2025-11-12 09:31:43,862000,733000,633570,538800,491340,417900,321000,264000,11650,8440
2025-11-11 12:10:00,863000,720000,634305,529200,491910,410400,320000,263000,11540,8360
2025-11-11 10:24:10,860000,720000,632100,529200,490200,410400,320000,263000,11530,8350
2025-11-11 09:50:07,858000,720000,630630,529200,489060,410400,320000,263000,11480,8320
2025-11-11 09:49:47,853000,720000,626955,529200,486210,410400,320000,263000,11480,8320
2025-11-11 09:48:07,853000,720000,626955,529200,486210,410400,320000,263000,11480,8310
2025-11-10 16:10:15,838000,715000,615930,525600,477660,407600,316000,260000,11190,8110
2025-11-10 15:06:15,836000,715000,614460,525600,476520,407600,316000,260000,11140,8070
2025-11-10 12:17:15,833000,715000,612255,525600,474810,407600,315000,259000,11080,8020
2025-11-10 11:11:25,831000,715000,610785,525600,473670,407600,314000,258000,11010,7970
2025-11-10 09:56:03,828000,715000,608580,525600,471960,407600,313000,258000,10960,7940
2025-11-10 09:54:30,828000,715000,608580,525600,471960,407600,314000,258000,10960,7940
2025-11-08 08:27:11,824000,713000,605640,524100,469680,406500,312000,256000,10930,7910
2025-11-07 11:16:40,823000,710000,604905,521900,469110,404700,310000,255000,10920,7910
2025-11-07 09:31:32,819000,710000,601965,521900,466830,404700,309000,255000,10860,7860
2025-11-07 09:29:42,819000,715000,601965,525600,466830,407600,309000,254000,10850,7860
2025-11-06 16:36:05,821000,710000,603435,521900,467970,404700,313000,258000,11090,7890
2025-11-06 12:38:05,816000,710000,599760,521900,465120,404700,312000,257000,11010,7840
2025-11-06 09:31:07,812000,710000,596820,521900,462840,404700,311000,256000,10960,7800
2025-11-05 14:13:45,813000,707000,597555,519700,463410,403000,308000,254000,10910,7770
2025-11-05 12:37:50,809000,707000,594615,519700,461130,403000,308000,253000,10880,7750
2025-11-05 11:18:45,807000,707000,593145,519700,459990,403000,307000,252000,10780,7670
2025-11-05 09:38:17,805000,707000,591675,519700,458850,403000,305000,251000,10740,7650
2025-11-04 12:33:15,817000,710000,600495,521900,465690,404700,313000,257000,10910,7770
2025-11-04 09:41:09,811000,710000,596085,521900,462270,404700,310000,255000,10850,7730
2025-11-04 09:40:46,811000,710000,596085,521900,462270,404700,310000,255000,10860,7730
2025-11-03 10:31:09,813000,700000,597555,514500,463410,399000,314000,258000,11000,7830
2025-11-03 10:31:01,813000,700000,597555,514500,463410,399000,314000,258000,11000,7830
2025-11-01 08:38:47,815000,700000,599025,514500,464550,399000,311000,256000,11010,7840
2025-10-31 09:54:23,818000,700000,601230,514500,466260,399000,318000,262000,11020,7840
2025-10-31 09:50:41,818000,701000,601230,515300,466260,399600,318000,262000,11020,7840
2025-10-30 17:26:30,806000,687000,592410,505000,459420,391600,315000,260000,10760,7660
2025-10-30 13:56:55,804000,687000,590940,505000,458280,391600,316000,260000,10750,7650
2025-10-30 13:36:45,793000,687000,582855,505000,452010,391600,311000,256000,10640,7570
2025-10-30 12:15:10,793000,677000,582855,497600,452010,385900,311000,256000,10640,7570
2025-10-30 12:15:00,793000,680000,582855,499800,452010,387600,311000,256000,10640,7570
2025-10-30 11:37:45,799000,680000,587265,499800,455430,387600,312000,257000,10670,7600
2025-10-30 11:37:35,801000,680000,588735,499800,456570,387600,315000,259000,10740,7640
2025-10-30 09:41:49,801000,690000,588735,507200,456570,393300,315000,259000,10740,7640
2025-10-29 17:20:45,821000,690000,603435,507200,467970,393300,318000,262000,10900,7760
2025-10-29 16:33:45,817000,690000,600495,507200,465690,393300,315000,259000,10850,7720
2025-10-29 16:33:30,817000,673000,600495,494700,465690,383700,315000,259000,10850,7720
2025-10-29 09:33:43,813000,673000,597555,494700,463410,383700,315000,259000,10690,7610
2025-10-28 16:04:40,821000,676000,603435,496900,467970,385400,312000,257000,10610,7550
2025-10-28 14:46:00,821000,685000,603435,503500,467970,390500,312000,257000,10610,7550
2025-10-28 11:25:00,821000,690000,603435,507200,467970,393300,312000,257000,10610,7550
2025-10-28 09:40:43,821000,705000,603435,518200,467970,401900,312000,257000,10610,7550
2025-10-27 09:38:28,846000,720000,621810,529200,482220,410400,317000,261000,10900,7760
2025-10-25 09:33:17,860000,730000,632100,536600,490200,416100,320000,263000,11050,7870
2025-10-24 09:35:10,860000,732000,632100,538100,490200,417300,325000,267000,11080,7890
2025-10-23 15:17:20,865000,732000,635775,538100,493050,417300,320000,263000,11120,7920
2025-10-23 12:37:30,857000,732000,629895,538100,488490,417300,320000,264000,11040,7860
2025-10-23 10:46:25,852000,732000,626220,538100,485640,417300,315000,259000,10920,7770
2025-10-23 09:46:23,852000,730000,626220,536600,485640,416100,315000,259000,10920,7770
2025-10-22 15:40:15,868000,735000,637980,540300,494760,419000,304000,250000,11120,7920
2025-10-22 15:38:45,868000,725000,637980,532900,494760,413300,304000,250000,11120,7920
2025-10-22 13:05:06,863000,725000,634305,532900,491910,413300,304000,250000,11060,7880
2025-10-22 13:04:12,873000,725000,641655,532900,497610,413300,307000,250000,11170,7880
2025-10-22 13:03:32,873000,724000,641655,532200,497610,412700,307000,250000,11170,7880
2025-10-22 13:02:25,874000,720000,642390,529200,498180,410400,307000,250000,11170,7870
2025-10-22 10:03:29,863000,720000,634305,529200,491910,410400,304000,247000,10980,7740
2025-10-22 10:00:31,861000,773000,632835,568200,490770,440700,303000,265000,10970,8350
2025-10-22 09:59:22,859000,773000,631365,568200,489630,440700,302000,265000,10950,8350
2025-10-22 09:54:02,860000,773000,632100,568200,490200,440700,303000,265000,10950,8350
2025-10-21 09:43:26,907000,773000,666645,568200,516990,440700,323000,265000,11720,8350
2025-10-21 09:42:27,908000,773000,667380,568200,517560,440700,323000,266000,11730,8360
2025-10-21 09:40:34,906000,773000,665910,568200,516420,440700,323000,266000,11760,8370
2025-10-21 09:39:58,905000,773000,665175,568200,515850,440700,323000,266000,11760,8370
2025-10-21 09:39:23,920000,773000,676200,568200,524400,440700,330000,266000,11790,8370
2025-10-21 09:19:12,920000,773000,676200,568200,524400,440700,330000,266000,11790,8370
2025-10-20 09:32:23,894000,770000,657090,566000,509580,438900,318000,256000,11560,8220
2025-10-18 13:29:21,904000,788000,664440,579200,515280,449200,322000,276000,11780,8500
2025-10-18 13:26:53,904000,788000,664440,579200,515280,449200,327000,276000,11780,8500
2025-10-18 13:25:38,904000,788000,664440,579200,515280,449200,327000,276000,11780,8500
2025-10-18 10:53:33,904000,788000,664440,579200,515280,449200,336000,276000,11780,8500
2025-10-18 10:14:01,907000,790000,666645,580700,516990,450300,336000,276000,12170,8670
2025-10-18 10:13:05,931000,790000,684285,580700,530670,450300,355000,276000,12690,8670
2025-10-17 13:15:20,907000,790000,666645,580700,516990,450300,336000,276000,12170,8670
2025-10-17 09:36:03,903000,790000,663705,580700,514710,450300,337000,277000,12070,8610
2025-10-17 08:31:41,903000,790000,663705,580700,514710,450300,336000,277000,12130,8650
2025-10-16 12:19:25,863000,770000,634305,566000,491910,438900,328000,270000,11620,8490
2025-10-16 09:46:48,860000,770000,632100,566000,490200,438900,327000,269000,11580,8460
2025-10-16 09:45:02,856000,770000,629160,566000,487920,438900,327000,269000,11580,8460
2025-10-16 09:43:40,856000,770000,629160,566000,487920,438900,327000,269000,11570,8460
2025-10-15 17:10:10,855000,765000,628425,562300,487350,436100,327000,269000,11540,8430
2025-10-15 17:09:55,855000,760000,628425,558600,487350,433200,327000,269000,11540,8430
2025-10-15 16:04:40,852000,760000,626220,558600,485640,433200,327000,269000,11450,8370
2025-10-15 11:09:55,852000,750000,626220,551300,485640,427500,327000,269000,11450,8370
2025-10-15 11:09:45,852000,740000,626220,543900,485640,421800,327000,269000,11450,8370
2025-10-15 09:24:13,849000,740000,624015,543900,483930,421800,323000,266000,11430,8350
2025-10-14 17:23:35,847000,735000,622545,540300,482790,419000,328000,270000,11540,8430
2025-10-14 16:20:40,843000,735000,619605,540300,480510,419000,325000,268000,11470,8380
2025-10-14 13:20:10,851000,735000,625485,540300,485070,419000,328000,270000,11750,8580
2025-10-14 10:39:00,844000,735000,620340,540300,481080,419000,327000,269000,11600,8480
2025-10-14 09:37:37,842000,735000,618870,540300,479940,419000,327000,269000,11550,8440
2025-10-14 09:17:51,840000,735000,617400,540300,478800,419000,326000,268000,11520,8420
2025-10-13 17:27:35,831000,720000,610785,529200,473670,410400,325000,268000,11310,8260
2025-10-13 17:18:10,831000,710000,610785,521900,473670,404700,325000,268000,11310,8260
2025-10-13 12:51:45,828000,710000,608580,521900,471960,404700,322000,265000,11290,8250
2025-10-13 11:21:05,825000,710000,606375,521900,470250,404700,322000,265000,11160,8160
2025-10-13 09:22:50,822000,710000,604170,521900,468540,404700,320000,263000,11110,8110
2025-10-11 08:38:50,819000,708000,601965,520400,466830,403600,314000,258000,11070,8090
2025-10-10 18:44:00,813000,705000,597555,518200,463410,401900,324000,267000,11180,8170
2025-10-10 11:25:05,808000,705000,593880,518200,460560,401900,318000,262000,10860,7940
2025-10-10 09:38:43,810000,705000,595350,518200,461700,401900,320000,263000,10840,7920
2025-10-10 09:33:02,810000,705000,595350,518200,461700,401900,319000,263000,10830,7910
2025-10-09 15:17:20,819000,708000,601965,520400,466830,403600,327000,269000,10760,7860
2025-10-09 09:37:24,817000,708000,600495,520400,465690,403600,325000,267000,10670,7790
2025-10-08 15:48:50,819000,705000,601965,518200,466830,401900,324000,267000,10650,7780
2025-10-08 14:14:15,817000,705000,600495,518200,465690,401900,325000,267000,10620,7760
2025-10-08 11:36:10,812000,705000,596820,518200,462840,401900,326000,268000,10540,7700
2025-10-08 10:18:17,807000,705000,593145,518200,459990,401900,321000,264000,10430,7620
2025-10-08 10:15:45,808000,706000,593880,519000,460560,402500,321000,264000,10430,7620
2025-10-07 09:49:58,799000,704000,587265,517500,455430,401300,314000,259000,10510,7680
2025-10-07 09:41:37,800000,705000,588000,518200,456000,401900,315000,260000,10530,7690
2025-10-06 18:31:20,797000,694000,585795,510100,454290,395600,316000,260000,10600,7740
2025-10-06 09:42:57,786000,694000,577710,510100,448020,395600,315000,259000,10430,7620
2025-10-06 09:42:54,786000,694000,577710,510100,448020,395600,315000,259000,10430,7620
2025-10-04 08:52:39,782000,692000,574770,508700,445740,394500,312000,257000,10400,7600
2025-10-03 09:36:08,775000,687000,569625,505000,441750,391600,305000,251000,10150,7410
2025-10-02 09:37:41,774000,685000,568890,503500,441180,390500,301000,248000,10190,7440
2025-10-01 09:37:38,777000,685000,571095,503500,442890,390500,306000,252000,10130,7400
2025-10-01 09:36:01,777000,685000,571095,503500,442890,390500,306000,252000,10120,7390
2025-09-30 17:06:45,773000,685000,568155,503500,440610,390500,310000,255000,10100,7380
2025-09-30 17:06:10,773000,684000,568155,502800,440610,389900,310000,255000,10100,7380
2025-09-30 16:14:30,773000,697000,568155,512300,440609,397300,310000,255000,10100,7380
2025-09-30 16:05:05,773000,697000,568155,512300,440610,397300,310000,255000,10100,7380
2025-09-30 14:10:55,776000,697000,570360,512300,442319,397300,310000,255000,10180,7440
2025-09-30 12:33:25,773000,690000,568155,507200,440609,393300,309000,255000,10150,7410
2025-09-30 09:45:29,769000,690000,565215,507200,438329,393300,310000,255000,10120,7390
2025-09-30 09:43:27,767000,690000,563745,507200,437189,393300,310000,255000,10120,7390
2025-09-29 14:37:26,759000,680000,557865,499800,432629,387600,314000,258000,10090,7370
2025-09-29 09:40:49,756000,670000,555660,492500,430919,381900,313000,257000,10060,7350
2025-09-27 08:55:02,754000,668000,554190,491000,429779,380800,306000,251000,9990,7300
2025-09-26 09:40:00,751000,668000,551985,491000,428069,380800,301000,247000,9690,7140
2025-09-25 15:01:08,747000,665000,549045,488800,425789,379100,286000,235000,9390,6920
2025-09-25 11:26:05,747000,670000,549045,492500,425789,381900,286000,235000,9390,6920
2025-09-25 09:45:09,747000,680000,549045,499800,425789,387600,286000,235000,9390,6920
2025-09-24 14:47:18,750000,670000,551250,492500,427499,381900,287000,236000,9410,6930
2025-09-24 09:33:35,740000,670000,543900,492500,421799,381900,285000,234000,9360,6890
2025-09-23 17:25:19,739000,655000,543165,481500,421229,373400,278000,228000,9350,6890
2025-09-23 09:50:01,737000,655000,541695,481500,420089,373400,273000,225000,9350,6890
2025-09-22 15:48:26,729000,645000,535815,474100,415529,367700,274000,225000,9220,6850
2025-09-22 09:27:11,726000,638000,533610,469000,413819,363700,271000,223000,9110,6770
2025-09-20 09:13:44,725000,637000,532875,468200,413249,363100,272000,223000,9110,6770
2025-09-19 12:23:04,716000,635000,526260,466800,408119,362000,268000,220000,8870,6590
2025-09-19 09:50:50,713000,625000,524055,459400,406409,356300,265000,218000,8770,6520
2025-09-18 14:27:05,713000,630000,524055,463100,406409,359100,263000,217000,8690,6460
2025-09-18 12:53:43,713000,620000,524055,455700,406409,353400,263000,217000,8690,6460
2025-09-18 09:45:16,713000,612000,524055,449900,406409,348900,262000,216000,8730,6490
2025-09-17 17:32:28,709000,626000,521115,460200,404129,356900,264000,217000,8120,6470
2025-09-17 17:02:16,710000,627000,521850,460900,404699,357400,264000,217000,8140,6480
2025-09-17 14:00:16,712000,628000,523320,461600,405839,358000,267000,219000,8190,6510
2025-09-17 09:49:24,714000,630000,524790,463100,406979,359100,266000,219000,8300,6610
2025-09-16 16:42:32,713000,630000,524055,463100,406409,359100,268000,220000,8330,6630
2025-09-16 14:42:59,712000,628000,523320,461600,405839,358000,268000,220000,8320,6620
2025-09-16 13:15:03,713000,622000,524055,457200,406409,354600,267000,219000,8310,6620
2025-09-16 13:00:15,713000,622000,524055,457200,406409,354600,267000,219000,8310,6620
2025-09-16 09:53:44,715000,624000,525525,458700,407549,355700,268000,221000,8350,6650
2025-09-15 13:45:41,709000,619000,521115,455000,404129,352900,270000,222000,8290,6600
2025-09-15 09:54:04,709000,615000,521115,452100,404129,350600,270000,222000,8290,6600
2025-09-13 08:45:02,711000,605000,522585,444700,405269,344900,268000,220000,8310,6610
2025-09-12 10:50:09,709000,605000,521115,444700,404129,344900,266000,219000,8200,6530
2025-09-12 09:38:12,707000,605000,519645,444700,402989,344900,265000,218000,8130,6470
2025-09-11 09:47:48,709000,605000,521115,444700,404129,344900,267000,220000,8080,6430
2025-09-10 16:12:18,707000,600000,519645,441000,402989,342000,265000,218000,8070,6420
2025-09-10 13:42:23,706000,600000,518910,441000,402419,342000,265000,218000,8050,6400
2025-09-10 09:46:25,704000,600000,517440,441000,401279,342000,263000,217000,8010,6370
2025-09-09 11:26:39,707000,600000,519645,441000,402989,342000,267000,220000,8100,6450
2025-09-09 09:47:52,705000,600000,518175,441000,401849,342000,266000,219000,8090,6440
2025-09-09 09:44:50,703000,600000,516705,441000,400709,342000,266000,219000,8090,6440
2025-09-08 16:29:20,700000,589000,514500,433000,398999,335800,269000,221000,8060,6420
2025-09-08 09:50:06,698000,589000,513030,433000,397859,335800,265000,218000,8040,6390
2025-09-08 09:49:29,698000,585000,513030,430000,397859,333500,265000,218000,8040,6390
2025-09-06 07:47:13,696000,585000,511560,430000,396719,333500,263000,217000,8040,6390
2025-09-05 09:42:12,693000,583000,509355,428600,395009,332400,266000,219000,8020,6380
2025-09-04 12:01:54,690000,580000,507150,426300,393299,330600,272000,224000,8010,6370
2025-09-04 12:00:27,690000,581000,507150,427100,393299,331200,272000,224000,8010,6370
2025-09-04 09:53:54,695000,583000,510825,428600,396149,332400,274000,225000,8100,6440
2025-09-03 09:36:56,694000,580000,510090,426300,395579,330600,272000,224000,8060,6420
2025-09-02 09:39:23,683000,574000,502005,421900,389309,327200,273000,224000,8030,6390
2025-09-01 12:07:48,681000,572000,500535,420500,388169,326100,265000,218000,7950,6320
2025-09-01 11:21:28,677000,569000,497595,418300,385889,324400,266000,219000,7920,6300
2025-09-01 11:12:51,677000,566000,497595,416100,385889,322700,266000,219000,7920,6300
2025-09-01 09:42:08,673000,566000,494655,416100,383609,322700,263000,216000,7840,6240
2025-08-30 08:27:35,672000,563000,493920,413900,383039,321000,262000,216000,7790,6200
2025-08-29 16:29:48,664000,560000,488040,411600,378479,319200,260000,214000,7650,6090
2025-08-29 09:44:20,663000,560000,487305,411600,377909,319200,260000,214000,7640,6080
2025-08-28 14:15:33,657000,557000,482895,409400,374489,317500,259000,213000,7600,6050
2025-08-28 13:54:28,659000,557000,484365,409400,375629,317500,259000,213000,7600,6050
2025-08-28 09:41:33,659000,558000,484365,410200,375629,318100,258000,212000,7590,6040
2025-08-27 13:44:03,661000,558000,485835,410200,376769,318100,261000,214000,7620,6060
2025-08-27 09:45:45,661000,560000,485835,411600,376769,319200,261000,214000,7620,6060
2025-08-26 16:01:35,659000,556000,484365,408700,375629,317000,260000,214000,7650,6090
2025-08-26 14:12:34,657000,556000,482895,408700,374489,317000,259000,213000,7640,6080
2025-08-26 09:41:03,655000,555000,481425,408000,373349,316400,259000,213000,7590,6040
2025-08-25 09:39:00,652000,552000,479220,405800,371639,314700,261000,214000,7630,6070
2025-08-23 08:39:27,652000,551000,479220,405000,371639,314100,261000,214000,7610,6060
2025-08-22 12:12:08,652000,550000,479220,404300,371639,313500,261000,215000,7530,6000
2025-08-22 09:35:57,652000,552000,479220,405800,371639,314700,261000,215000,7530,6000
2025-08-21 10:07:25,653000,552000,479955,405800,372209,314700,258000,212000,7480,5950
2025-08-20 12:27:54,648000,550000,476280,404300,369359,313500,254000,209000,7370,5860
2025-08-20 09:35:01,646000,550000,474810,404300,368219,313500,253000,208000,7380,5870
2025-08-19 09:42:58,647000,550000,475545,404300,368789,313500,255000,210000,7470,5950
2025-08-18 14:00:19,649000,551000,477015,405000,369929,314100,257000,212000,7470,5940
2025-08-18 09:43:41,647000,550000,475545,404300,368789,313500,257000,211000,7460,5930
2025-08-16 09:01:15,648000,548000,476280,402800,369359,312400,257000,211000,7470,5940
2025-08-15 09:35:47,648000,548000,476280,402800,369359,312400,261000,214000,7470,5950
2025-08-14 12:03:40,651000,551000,478485,405000,371069,314100,257000,211000,7570,6030
2025-08-14 11:28:39,651000,550000,478485,404300,371069,313500,257000,211000,7570,6030
2025-08-14 09:44:15,649000,550000,477015,404300,369929,313500,256000,211000,7520,5980
2025-08-13 09:42:14,647000,548000,475545,402800,368789,312400,256000,211000,7410,5890
2025-08-12 12:26:25,650000,551000,477750,405000,370499,314100,256000,211000,7450,5920
2025-08-12 10:30:54,652000,552000,479220,405800,371639,314700,258000,212000,7430,5910
2025-08-12 09:42:34,652000,553000,479220,406500,371639,315300,258000,212000,7430,5910
2025-08-11 11:48:38,654000,553000,480690,406500,372779,315300,254000,209000,7460,5930
2025-08-11 09:37:18,657000,553000,482895,406500,374489,315300,254000,209000,7500,5970
2025-08-09 08:40:48,659000,553000,484365,406500,375629,315300,256000,211000,7530,5990
2025-08-08 17:07:33,660000,553000,485100,406500,376199,315300,257000,212000,7550,6010
2025-08-08 12:32:52,657000,553000,482895,406500,374489,315300,258000,212000,7490,5960
2025-08-08 09:46:01,655000,553000,481425,406500,373349,315300,258000,212000,7480,5950
2025-08-07 09:44:16,654000,550000,480690,404300,372779,313500,257000,211000,7430,5910
2025-08-06 09:59:20,656000,550000,482160,404300,373919,313500,252000,207000,7420,5910
2025-08-05 17:28:40,655000,549000,481425,403600,373349,313000,256000,210000,7370,5870
2025-08-05 09:44:00,653000,549000,479955,403600,372209,313000,255000,210000,7320,5830
2025-08-04 09:44:30,650000,548000,477750,402800,370499,312400,252000,207000,7240,5760
2025-08-02 08:13:56,652000,548000,479220,402800,371639,312400,253000,208000,7280,5790
2025-08-01 11:59:23,644000,545000,473340,400600,367079,310700,251000,206000,7240,5760
2025-08-01 09:42:58,642000,544000,471870,399900,365939,310100,250000,206000,7240,5760
2025-07-31 17:13:16,643000,545000,472605,400600,366509,310700,253000,208000,7270,5790
2025-07-31 11:33:43,641000,545000,471135,400600,365369,310700,255000,209000,7290,5800
2025-07-31 09:44:27,638000,545000,468930,400600,363659,310700,252000,207000,7290,5800
2025-07-30 09:55:07,643000,545000,472605,400600,366509,310700,267000,219000,7460,5930
2025-07-30 09:45:02,641000,545000,471135,400600,365369,310700,266000,219000,7440,5920
2025-07-29 09:46:10,643000,546000,472605,401400,366509,311300,269000,221000,7490,5960
2025-07-28 11:33:40,643000,547000,472605,402100,366509,311800,270000,222000,7470,5940
2025-07-28 09:47:25,642000,547000,471870,402100,365939,311800,270000,222000,7450,5930
2025-07-26 08:28:17,645000,547000,474075,402100,367649,311800,269000,221000,7470,5940
2025-07-25 09:37:11,646000,548000,474810,402800,368219,312400,268000,221000,7580,6030
2025-07-24 14:47:49,646000,546000,474810,401400,368219,311300,266000,219000,7560,6010
2025-07-24 11:21:26,646000,548000,474810,402800,368219,312400,266000,219000,7560,6010
2025-07-24 09:45:32,650000,550000,477750,404300,370499,313500,268000,221000,7630,6070
2025-07-23 09:54:26,661000,554000,485835,407200,376769,315800,275000,226000,7650,6090
2025-07-22 09:45:28,657000,553000,482895,406500,374489,315300,277000,228000,7610,6060
2025-07-21 14:16:24,653000,550000,479955,404300,372209,313500,275000,226000,7530,5990
2025-07-21 09:47:00,652000,550000,479220,404300,371639,313500,275000,226000,7520,5990
2025-07-19 08:31:25,651000,549000,478485,403600,371069,313000,274000,225000,7510,5980
2025-07-18 16:37:26,651000,547000,478485,402100,371069,311800,281000,231000,7530,5990
2025-07-18 09:44:45,648000,547000,476280,402100,369359,311800,282000,232000,7490,5960
2025-07-17 09:49:16,649000,547000,477015,402100,369929,311800,273000,225000,7450,5930
2025-07-16 11:57:23,646000,547000,474810,402100,368219,311800,264000,217000,7420,5900
2025-07-16 09:45:39,646000,548000,474810,402800,368219,312400,264000,217000,7420,5900
2025-07-15 14:38:42,649000,549000,477015,403600,369929,313000,263000,216000,7510,5950
2025-07-15 14:37:02,649000,549000,477015,403600,369929,313000,263000,216000,7510,5970
2025-07-15 10:46:40,647000,549000,475545,403600,368789,313000,262000,216000,7510,5970
2025-07-15 09:56:22,647000,549000,475545,403600,368789,313000,262000,216000,7490,5960
2025-07-14 09:56:35,648000,549000,476280,403600,369359,313000,265000,217000,7510,5970
2025-07-12 08:13:25,646000,546000,474810,401400,368219,311300,267000,220000,7480,5950
2025-07-11 09:49:54,640000,543000,470400,399200,364799,309600,258000,212000,7210,5740
2025-07-10 09:42:56,636000,542000,467460,398400,362519,309000,255000,210000,7060,5620
2025-07-09 12:02:51,634000,540000,465990,396900,361379,307800,258000,213000,7110,5660
2025-07-09 09:45:17,634000,541000,465990,397700,361379,308400,258000,213000,7110,5660
2025-07-08 09:40:50,638000,541000,468930,397700,363659,308400,260000,214000,7130,5670
2025-07-07 09:43:53,634000,541000,465990,397700,361379,308400,262000,215000,7130,5670
2025-07-05 08:40:50,635000,542000,466725,398400,361949,309000,263000,216000,7110,5660
2025-07-04 09:45:01,636000,542000,467460,398400,362519,309000,261000,214000,7100,5650
2025-07-03 15:15:14,638000,542000,468930,398400,363659,309000,266000,218000,7070,5620
2025-07-03 12:39:12,636000,541000,467460,397700,362519,308400,264000,217000,7000,5570
2025-07-03 09:43:35,633000,541000,465255,397700,360809,308400,265000,217000,6980,5550
2025-07-02 09:43:00,633000,542000,465255,398400,360809,309000,255000,210000,6930,5510
2025-07-01 17:00:30,631000,542000,463785,398400,359669,309000,251000,206000,6940,5520
2025-07-01 11:02:09,627000,542000,460845,398400,357389,309000,253000,208000,6870,5470
2025-07-01 10:32:40,624000,540000,458640,396900,355680,307800,254000,208000,6890,5470
2025-07-01 10:02:45,624000,540000,458640,396900,355679,307800,254000,209000,6890,5490
2025-06-30 11:11:11,621000,535000,456435,393300,353969,305000,254000,208000,6890,5480
2025-06-30 09:49:10,618000,535000,454230,393300,352259,305000,252000,207000,6860,5460
2025-06-29 11:48:54,624000,535000,458640,393300,355679,305000,253000,208000,6950,5530
2025-06-28 08:37:32,624000,535000,458640,393300,355679,305000,253000,208000,6950,5530
2025-06-27 14:09:09,624000,535000,458640,393300,355679,305000,262000,215000,7010,5580
2025-06-27 13:19:33,628000,535000,461580,393300,357959,305000,267000,221000,7020,5590
2025-06-27 12:18:20,628000,538000,461580,395500,357959,306700,267000,221000,7020,5590
2025-06-27 12:18:02,628000,538000,461580,395500,357959,306700,267000,221000,7030,5590
2025-06-27 12:10:28,628000,538000,461580,395500,357959,306700,267000,221000,7020,5590
2025-06-27 09:57:24,628000,541000,461580,397700,357959,308400,267000,221000,7020,5590
2025-06-26 10:22:51,633000,544000,465255,399900,360809,310100,257000,211000,6990,5560
2025-06-25 16:54:03,634000,544000,465990,399900,361379,310100,248000,204000,6940,5520
2025-06-25 10:54:51,633000,540000,465255,396900,360809,307800,248000,204000,6910,5500
2025-06-25 09:46:31,631000,538000,463785,395500,359669,306700,247000,203000,6910,5490
2025-06-24 17:03:47,633000,540000,465255,396900,360809,307800,246000,202000,6960,5530
2025-06-24 15:29:06,631000,540000,463785,396900,359669,307800,242000,199000,6920,5510
2025-06-24 14:46:17,639000,542000,469665,398400,364229,309000,244000,201000,6950,5530
2025-06-24 09:45:24,639000,545000,469665,400600,364229,310700,244000,201000,6950,5530
2025-06-23 09:50:21,649000,550000,477015,404300,369929,313500,241000,198000,7040,5600
2025-06-23 09:49:45,649000,546000,477015,401400,369929,311300,241000,198000,7040,5600
2025-06-21 08:25:03,646000,546000,474810,401400,368219,311300,241000,198000,6990,5560
2025-06-20 13:52:59,642000,543000,471870,399200,365939,309600,244000,200000,6920,5510
2025-06-20 12:18:50,644000,543000,473340,399200,367079,309600,246000,202000,7050,5610
2025-06-20 09:44:08,644000,548000,473340,402800,367079,312400,246000,202000,7050,5610
2025-06-19 15:17:55,652000,548000,479220,402800,371639,312400,256000,210000,7170,5700
2025-06-19 10:26:45,652000,551000,479220,405000,371639,314100,256000,210000,7170,5700
2025-06-19 09:44:09,650000,551000,477750,405000,370499,314100,254000,209000,7160,5690
2025-06-18 11:37:49,651000,549000,478485,403600,371069,313000,240000,198000,7230,5750
2025-06-18 09:44:48,651000,552000,478485,405800,371069,314700,240000,198000,7230,5750
2025-06-17 12:25:50,646000,549000,474810,403600,368219,313000,234000,192000,7000,5570
2025-06-17 10:00:40,646000,550000,474810,404300,368219,313500,234000,192000,7000,5570
2025-06-17 09:41:09,646000,552000,474810,405800,368219,314700,234000,192000,7000,5570
2025-06-16 15:05:03,650000,552000,477750,405800,370499,314700,233000,191000,7000,5570
2025-06-16 09:43:48,657000,553000,482895,406500,374489,315300,232000,191000,7000,5570
2025-06-14 08:45:43,655000,551000,481425,405000,373349,314100,232000,191000,7020,5590
2025-06-13 13:40:28,657000,551000,482895,405000,374489,314100,244000,201000,7030,5590
2025-06-13 11:59:11,655000,551000,481425,405000,373349,314100,244000,201000,7060,5610
2025-06-13 11:32:57,655000,547000,481425,402100,373349,311800,244000,201000,7060,5610
2025-06-13 10:03:19,651000,547000,478485,402100,371069,311800,241000,198000,6980,5550
2025-06-13 09:56:21,651000,554000,478485,407200,371069,315800,241000,198000,6980,5550
2025-06-13 09:47:15,651000,547000,478485,402100,371069,311800,241000,198000,6980,5550
2025-06-13 09:45:32,650000,547000,477750,402100,370499,311800,241000,198000,6950,5530
2025-06-12 16:50:35,635000,541000,466725,397700,361949,308400,235000,193000,6860,5460
2025-06-12 12:25:28,644000,544000,473340,399900,367079,310100,240000,197000,7030,5600
2025-06-12 10:51:57,644000,545000,473340,400600,367079,310700,240000,197000,7030,5600
2025-06-12 09:47:12,644000,544000,473340,399900,367079,310100,240000,197000,7030,5600
2025-06-11 11:18:02,639000,542000,469665,398400,364229,309000,232000,191000,7100,5650
2025-06-11 09:46:51,635000,539000,466725,396200,361949,307300,230000,189000,7050,5610
2025-06-10 15:27:48,633000,538000,465255,395500,360809,306700,229000,188000,7050,5610
2025-06-10 14:15:37,630000,537000,463050,394700,359099,306100,230000,189000,7050,5610
2025-06-10 09:43:22,628000,537000,461580,394700,357959,306100,228000,187000,7030,5590
2025-06-09 13:43:17,629000,533000,462315,391800,358529,303900,220000,180000,6940,5520
2025-06-09 11:10:01,629000,531000,462315,390300,358529,302700,220000,180000,6940,5520
2025-06-09 09:42:51,629000,534000,462315,392500,358529,304400,220000,181000,6940,5520
2025-06-07 09:00:49,629000,534000,462315,392500,358529,304400,221000,181000,6930,5510
2025-06-06 14:09:54,640000,540000,470400,396900,364799,307800,217000,178000,6940,5520
2025-06-06 09:45:33,637000,540000,468195,396900,363089,307800,214000,176000,6860,5450
2025-06-05 11:52:53,642000,542000,471870,398400,365939,309000,206000,169000,6640,5280
2025-06-05 09:43:05,642000,544000,471870,399900,365939,310100,206000,169000,6640,5280
2025-06-04 15:51:17,646000,544000,474810,399900,368219,310100,206000,169000,6710,5340
2025-06-04 11:09:10,646000,546000,474810,401400,368219,311300,206000,169000,6710,5340
2025-06-04 09:43:55,644000,546000,473340,401400,367079,311300,205000,169000,6730,5350
2025-06-03 09:45:00,650000,546000,477750,401400,370499,311300,203000,167000,6750,5370
2025-06-02 16:17:23,644000,540000,473340,396900,367079,307800,200000,164000,6480,5160
2025-06-02 15:31:48,641000,540000,471135,396900,365369,307800,200000,164000,6460,5140
2025-06-02 09:44:32,637000,540000,468195,396900,363089,307800,201000,165000,6450,5130
2025-05-31 08:13:54,636000,539000,467460,396200,362519,307300,203000,166000,6460,5140
2025-05-30 09:46:26,636000,539000,467460,396200,362519,307300,206000,169000,6460,5140
2025-05-29 09:48:23,630000,535000,463050,393300,359099,305000,206000,169000,6450,5130
2025-05-28 09:43:53,634000,539000,465990,396200,361379,307300,206000,169000,6450,5130
2025-05-27 14:57:17,640000,540000,470400,396900,364799,307800,205000,169000,6480,5160
2025-05-27 09:45:12,640000,544000,470400,399900,364799,310100,205000,169000,6480,5160
2025-05-26 09:41:34,638000,541000,468930,397700,363659,308400,208000,171000,6470,5150
2025-05-24 08:44:07,641000,543000,471135,399200,365369,309600,207000,170000,6480,5150
2025-05-23 15:18:41,639000,540000,469665,396900,364229,307800,208000,171000,6460,5140
2025-05-23 09:58:11,637000,540000,468195,396900,363089,307800,207000,170000,6460,5140
2025-05-23 09:43:08,637000,543000,468195,399200,363089,309600,207000,170000,6460,5140
2025-05-22 10:47:25,643000,545000,472605,400600,366509,310700,206000,169000,6540,5200
2025-05-22 09:51:11,640000,545000,470400,400600,364799,310700,205000,168000,6530,5200
2025-05-21 15:39:48,643000,543000,472605,399200,366509,309600,200000,164000,6510,5180
2025-05-21 09:44:59,641000,541000,471135,397700,365369,308400,203000,166000,6520,5190
2025-05-20 16:02:26,627000,535000,460845,393300,357389,305000,193000,158000,6380,5070
2025-05-20 09:48:30,627000,536000,460845,394000,357389,305600,193000,158000,6380,5070
2025-05-19 09:43:21,635000,537000,466725,394700,361949,306100,193000,158000,6440,5120
2025-05-17 08:22:33,626000,534000,460110,392500,356819,304400,192000,158000,6390,5090
2025-05-16 09:45:02,632000,535000,464520,393300,360239,305000,192000,158000,6440,5130
2025-05-15 12:01:41,619000,523000,454965,384500,352829,298200,192000,157000,6350,5050
2025-05-15 11:32:40,619000,527000,454965,387400,352829,300400,192000,157000,6350,5050
2025-05-15 10:52:09,624000,531000,458640,390300,355679,302700,191000,157000,6390,5090
2025-05-15 09:57:54,624000,534000,458640,392500,355679,304400,191000,157000,6390,5090
2025-05-15 09:37:11,624000,536000,458640,394000,355679,305600,191000,157000,6390,5090
